{"losses_distributed": [[1, 0.6619583047353305], [2, 0.5956308586666217], [3, 0.49130990198598457], [4, 0.3837399289298516], [5, 0.3186529939277814], [6, 0.3099265701782245], [7, 0.33317501771335417], [8, 0.3594676468234796], [9, 0.3745403754381606], [10, 0.3725521696659808], [11, 0.3555348490078289], [12, 0.329632450432445], [13, 0.30177102348982143], [14, 0.28043453946996194], [15, 0.267572570592165]], "metrics_distributed": {"accuracy": [[1, 0.7980769230769231], [2, 0.875], [3, 0.8798076923076923], [4, 0.8701923076923077], [5, 0.875], [6, 0.8798076923076923], [7, 0.8798076923076923], [8, 0.8894230769230769], [9, 0.8942307692307693], [10, 0.8942307692307693], [11, 0.8894230769230769], [12, 0.8942307692307693], [13, 0.8846153846153846], [14, 0.8894230769230769], [15, 0.8846153846153846]], "f1": [[1, 0.7659797829289355], [2, 0.8221995027481621], [3, 0.8237886883213077], [4, 0.8109913590682821], [5, 0.8159797916882936], [6, 0.8224798705567936], [7, 0.8220695352780373], [8, 0.8330702840136802], [9, 0.8394036941932442], [10, 0.8394036941932442], [11, 0.8343791017781942], [12, 0.8372041420118344], [13, 0.8292585999672977], [14, 0.8352374873743366], [15, 0.8298288335281827]], "precision": [[1, 0.6758301611242788], [2, 0.7787557161830416], [3, 0.8101308292097765], [4, 0.8081908831908831], [5, 0.8197751322751322], [6, 0.8204772079772079], [7, 0.8243424399674399], [8, 0.8264117826617827], [9, 0.8270759083259083], [10, 0.8270759083259083], [11, 0.8160654038943513], [12, 0.81917392614508], [13, 0.8000740790374936], [14, 0.8013583638583639], [15, 0.8002232142857143]], "recall": [[1, 0.9435975609756097], [2, 0.921078799249531], [3, 0.8912335834896811], [4, 0.8696575984990619], [5, 0.8696575984990619], [6, 0.8804455909943715], [7, 0.8696575984990619], [8, 0.8887148217636022], [9, 0.8995028142589118], [10, 0.8995028142589118], [11, 0.8995028142589118], [12, 0.8995028142589118], [13, 0.9185600375234522], [14, 0.9293480300187618], [15, 0.9191316838649156]]}}