{"losses_distributed": [[1, 0.6449311524629593], [2, 0.5744640603661537], [3, 0.4942471608519554], [4, 0.4312724769115448], [5, 0.3956487514078617], [6, 0.3780079819262028], [7, 0.3674377501010895], [8, 0.36075895838439465], [9, 0.35643654875457287], [10, 0.35364237613976], [11, 0.35037179477512836], [12, 0.34756782464683056], [13, 0.34627567045390606], [14, 0.34342191740870476], [15, 0.3413831479847431]], "metrics_distributed": {"accuracy": [[1, 0.7980769230769231], [2, 0.7932692307692307], [3, 0.8028846153846154], [4, 0.8269230769230769], [5, 0.8701923076923077], [6, 0.875], [7, 0.875], [8, 0.8798076923076923], [9, 0.8798076923076923], [10, 0.8798076923076923], [11, 0.8798076923076923], [12, 0.875], [13, 0.8846153846153846], [14, 0.8846153846153846], [15, 0.8846153846153846]], "f1": [[1, 0.7967702587267803], [2, 0.7788937451437452], [3, 0.7890270329086119], [4, 0.8197530968200675], [5, 0.8697483766233766], [6, 0.8761713015245624], [7, 0.8761578606643473], [8, 0.8807760872653325], [9, 0.8807760872653325], [10, 0.8786518469661272], [11, 0.8786518469661272], [12, 0.8748884061059121], [13, 0.8835925584285778], [14, 0.8857167987277831], [15, 0.8835925584285778]], "precision": [[1, 0.8100617519735167], [2, 0.8396950271950273], [3, 0.8638111888111889], [4, 0.839069264069264], [5, 0.8477199883449883], [6, 0.8496139277389277], [7, 0.8485372470666589], [8, 0.8485372470666589], [9, 0.8485372470666589], [10, 0.8533685064935065], [11, 0.8533685064935065], [12, 0.8469346829640947], [13, 0.8628382034632035], [14, 0.8580069440363558], [15, 0.8628382034632035]], "recall": [[1, 0.8140827309944958], [2, 0.752427719339484], [3, 0.752427719339484], [4, 0.8231107128165951], [5, 0.9050682160976279], [6, 0.9164318524612642], [7, 0.9164318524612642], [8, 0.9247651857945975], [9, 0.9247651857945975], [10, 0.9134015494309613], [11, 0.9134015494309613], [12, 0.9134015494309613], [13, 0.9134015494309613], [14, 0.9247651857945975], [15, 0.9134015494309613]]}}