{"losses_distributed": [[1, 0.5198207159455006], [2, 0.3639814552779381], [3, 0.30198012048808426], [4, 0.2783894666398947], [5, 0.2683522582340699], [6, 0.25994260953022885], [7, 0.2533062738008224], [8, 0.2477561802101823], [9, 0.24370400278040996], [10, 0.23860332556068897], [11, 0.23152511602697465], [12, 0.22805122343393472], [13, 0.22175783040718391], [14, 0.21500863450077864], [15, 0.20929450570390776]], "metrics_distributed": {"accuracy": [[1, 0.875], [2, 0.8653846153846154], [3, 0.8846153846153846], [4, 0.8942307692307693], [5, 0.9038461538461539], [6, 0.8990384615384616], [7, 0.8894230769230769], [8, 0.8894230769230769], [9, 0.8894230769230769], [10, 0.8990384615384616], [11, 0.8942307692307693], [12, 0.9086538461538461], [13, 0.9086538461538461], [14, 0.9086538461538461], [15, 0.9134615384615384]], "f1": [[1, 0.8225853206622437], [2, 0.8085438066207296], [3, 0.8325387989701524], [4, 0.843129212427039], [5, 0.8515955087889051], [6, 0.8465444641545269], [7, 0.8343791017781942], [8, 0.8343791017781942], [9, 0.8343791017781942], [10, 0.844871794871795], [11, 0.8394036941932442], [12, 0.8540871224415528], [13, 0.8540871224415528], [14, 0.8540871224415528], [15, 0.8632217378261682]], "precision": [[1, 0.8008190883190883], [2, 0.8081908831908831], [3, 0.8217705053231368], [4, 0.8277050800077116], [5, 0.8283019864750634], [6, 0.8178113553113554], [7, 0.8160654038943513], [8, 0.8160654038943513], [9, 0.8160654038943513], [10, 0.8182337363123172], [11, 0.8270759083259083], [12, 0.8301661605937921], [13, 0.8301661605937921], [14, 0.8301661605937921], [15, 0.8377783400809716]], "recall": [[1, 0.8972138836772984], [2, 0.8648499061913696], [3, 0.8972138836772984], [4, 0.9054831144465291], [5, 0.921078799249531], [6, 0.921078799249531], [7, 0.8995028142589118], [8, 0.8995028142589118], [9, 0.8995028142589118], [10, 0.9185600375234522], [11, 0.8995028142589118], [12, 0.926829268292683], [13, 0.926829268292683], [14, 0.926829268292683], [15, 0.926829268292683]]}}