{"losses_distributed": [[1, 0.6675420925021172], [2, 0.6339130774140358], [3, 0.5828045979142189], [4, 0.517689760774374], [5, 0.45332133769989014], [6, 0.4171545095741749], [7, 0.4245178569108248], [8, 0.45870730467140675], [9, 0.49662574380636215], [10, 0.524979718029499], [11, 0.5378131996840239], [12, 0.5335110016167164], [13, 0.5169386211782694], [14, 0.4949534647166729], [15, 0.4721199795603752]], "metrics_distributed": {"accuracy": [[1, 0.7307692307692307], [2, 0.8221153846153846], [3, 0.8125], [4, 0.8125], [5, 0.8365384615384616], [6, 0.8269230769230769], [7, 0.8317307692307693], [8, 0.8317307692307693], [9, 0.8461538461538461], [10, 0.8605769230769231], [11, 0.8557692307692307], [12, 0.8509615384615384], [13, 0.8509615384615384], [14, 0.8557692307692307], [15, 0.8605769230769231]], "f1": [[1, 0.7749578042924818], [2, 0.8331065848798059], [3, 0.814913235277272], [4, 0.8106409215784217], [5, 0.8304917140804238], [6, 0.81915814024685], [7, 0.827251055104316], [8, 0.8310374717939586], [9, 0.8485639268204134], [10, 0.8594130314195181], [11, 0.8527598056130665], [12, 0.8485931389463998], [13, 0.8501207033771899], [14, 0.8550614148396405], [15, 0.8593227784760042]], "precision": [[1, 0.6591958673421522], [2, 0.760343720821662], [3, 0.7969358766233766], [4, 0.8120832292707293], [5, 0.84753996003996], [6, 0.8363386613386614], [7, 0.8274439102564103], [8, 0.8141419548588668], [9, 0.829022907239819], [10, 0.8456151691445809], [11, 0.8424336080586081], [12, 0.8355654761904762], [13, 0.8309173669467788], [14, 0.8403870639164757], [15, 0.8409078972498091]], "recall": [[1, 0.9604500891265596], [2, 0.9321181269710681], [3, 0.8541713188772013], [4, 0.8331922978981804], [5, 0.8331922978981804], [6, 0.8218286615345439], [7, 0.8494738105032222], [8, 0.866140477169889], [9, 0.88711949814891], [10, 0.88711949814891], [11, 0.8757558617852736], [12, 0.8757558617852736], [13, 0.8853712464006583], [14, 0.8853712464006583], [15, 0.8927241875771289]]}}