{"losses_distributed": [[1, 0.6557102426886559], [2, 0.5981803610920906], [3, 0.5296799801290035], [4, 0.47023744136095047], [5, 0.42972585558891296], [6, 0.4052785001695156], [7, 0.39172619581222534], [8, 0.38269077613949776], [9, 0.3757416754961014], [10, 0.37152511440217495], [11, 0.36771398037672043], [12, 0.3648432455956936], [13, 0.36159659922122955], [14, 0.3594049233943224], [15, 0.3572602607309818]], "metrics_distributed": {"accuracy": [[1, 0.7884615384615384], [2, 0.8125], [3, 0.8125], [4, 0.8269230769230769], [5, 0.8365384615384616], [6, 0.8269230769230769], [7, 0.8509615384615384], [8, 0.8461538461538461], [9, 0.8557692307692307], [10, 0.8557692307692307], [11, 0.8557692307692307], [12, 0.8605769230769231], [13, 0.8605769230769231], [14, 0.8701923076923077], [15, 0.875]], "f1": [[1, 0.7943363933806213], [2, 0.7939615500691212], [3, 0.7988652048434658], [4, 0.8213208574284286], [5, 0.8332423554706163], [6, 0.8279797081716788], [7, 0.8513485152904858], [8, 0.8467651819571524], [9, 0.8572361964499061], [10, 0.8576131805768903], [11, 0.8573914063833418], [12, 0.862009632984327], [13, 0.8606582421474874], [14, 0.8724427539319991], [15, 0.8773834653944497]], "precision": [[1, 0.7608859890109889], [2, 0.8699404761904763], [3, 0.8542013542013542], [4, 0.8468406593406593], [5, 0.8433493589743589], [6, 0.8171689421689421], [7, 0.8393009768009768], [8, 0.8317460317460318], [9, 0.8409035409035409], [10, 0.8333485958485958], [11, 0.8337104072398188], [12, 0.8337104072398188], [13, 0.8327030812324929], [14, 0.8356251591545708], [15, 0.8450948561242678]], "recall": [[1, 0.8500315860609979], [2, 0.7490558461146696], [3, 0.7698622455975397], [4, 0.8202346672934909], [5, 0.8461315645139176], [6, 0.8630998903057728], [7, 0.8797665569724396], [8, 0.8797665569724396], [9, 0.8911301933360758], [10, 0.8994635266694091], [11, 0.8994635266694091], [12, 0.9077968600027424], [13, 0.9037861648155766], [14, 0.9247651857945975], [15, 0.9247651857945975]]}}