{"losses_distributed": [[1, 0.6193727423938421], [2, 0.4798217467390574], [3, 0.3766770382913259], [4, 0.3250185799999879], [5, 0.3012001941410395], [6, 0.2892294626396436], [7, 0.28103664402778333], [8, 0.27320066345139193], [9, 0.2675808035553648], [10, 0.26358585546796137], [11, 0.2573191661817523], [12, 0.25414003603733504], [13, 0.24819101264270452], [14, 0.24318645815723217], [15, 0.238959431504974]], "metrics_distributed": {"accuracy": [[1, 0.8557692307692307], [2, 0.8701923076923077], [3, 0.875], [4, 0.8798076923076923], [5, 0.8894230769230769], [6, 0.8942307692307693], [7, 0.9038461538461539], [8, 0.9038461538461539], [9, 0.9038461538461539], [10, 0.9038461538461539], [11, 0.9038461538461539], [12, 0.8942307692307693], [13, 0.8942307692307693], [14, 0.9086538461538461], [15, 0.9038461538461539]], "f1": [[1, 0.8030764628325604], [2, 0.8150245054091207], [3, 0.8213411358737551], [4, 0.8263657282888052], [5, 0.8333139506035006], [6, 0.8394870212848479], [7, 0.8515955087889051], [8, 0.8515955087889051], [9, 0.8515955087889051], [10, 0.8515955087889051], [11, 0.8515955087889051], [12, 0.8404547205647834], [13, 0.8404547205647834], [14, 0.8607301241735204], [15, 0.8515955087889051]], "precision": [[1, 0.7673233270794246], [2, 0.8091870716870717], [3, 0.8101308292097765], [4, 0.8211413336413336], [5, 0.8225086006336007], [6, 0.8231377723154037], [7, 0.8283019864750634], [8, 0.8283019864750634], [9, 0.8283019864750634], [10, 0.8283019864750634], [11, 0.8283019864750634], [12, 0.8132440476190477], [13, 0.8132440476190477], [14, 0.835914165962243], [15, 0.8283019864750634]], "recall": [[1, 0.8995028142589118], [2, 0.8756378986866792], [3, 0.8864258911819888], [4, 0.8864258911819888], [5, 0.8995028142589118], [6, 0.9102908067542214], [7, 0.921078799249531], [8, 0.921078799249531], [9, 0.921078799249531], [10, 0.921078799249531], [11, 0.921078799249531], [12, 0.921078799249531], [13, 0.921078799249531], [14, 0.921078799249531], [15, 0.921078799249531]]}}