{"losses_distributed": [[1, 0.6513848602771759], [2, 0.586858257651329], [3, 0.516084861010313], [4, 0.4676953889429569], [5, 0.44216063618659973], [6, 0.4472897984087467], [7, 0.44589734077453613], [8, 0.4522586539387703], [9, 0.4624761864542961], [10, 0.4790436886250973], [11, 0.4999786876142025], [12, 0.4997274577617645], [13, 0.5301635153591633], [14, 0.5495875105261803], [15, 0.5560742765665054]], "metrics_distributed": {"accuracy": [[1, 0.7067307692307693], [2, 0.7740384615384616], [3, 0.7836538461538461], [4, 0.7932692307692307], [5, 0.8125], [6, 0.8076923076923077], [7, 0.8125], [8, 0.8076923076923077], [9, 0.8125], [10, 0.8076923076923077], [11, 0.7980769230769231], [12, 0.8028846153846154], [13, 0.7932692307692307], [14, 0.8028846153846154], [15, 0.8076923076923077]], "f1": [[1, 0.6977801279574734], [2, 0.7622541131372653], [3, 0.7730269051600573], [4, 0.7907307241353525], [5, 0.8035308557183558], [6, 0.7943893606393606], [7, 0.8016918498168498], [8, 0.7967315323565324], [9, 0.8036790293040291], [10, 0.795743145743146], [11, 0.7901367151367149], [12, 0.7948986198986199], [13, 0.7774383024383023], [14, 0.794421279203888], [15, 0.7903919751745838]], "precision": [[1, 0.7549986471861471], [2, 0.8125400641025641], [3, 0.8099264705882354], [4, 0.7958377100840336], [5, 0.8281650641025641], [6, 0.8166080447330448], [7, 0.8181547619047619], [8, 0.8174679487179487], [9, 0.8227411477411478], [10, 0.824994103119103], [11, 0.8087341375944318], [12, 0.8198452487055429], [13, 0.8130076418679361], [14, 0.8219818376068376], [15, 0.8266941391941393]], "recall": [[1, 0.7187447356565003], [2, 0.7615805762864587], [3, 0.7770026542085365], [4, 0.8131936690760221], [5, 0.8008496405555229], [6, 0.7968389453683571], [7, 0.8082025817319936], [8, 0.799274010303422], [9, 0.8088893949188066], [10, 0.7896586256880375], [11, 0.8021586256880374], [12, 0.8021586256880374], [13, 0.7794313529607647], [14, 0.8021586256880374], [15, 0.787764686294098]]}}