{"losses_distributed": [[1, 0.49535806247821224], [2, 0.34814999395838153], [3, 0.30212229017454845], [4, 0.2745668598665641], [5, 0.2649567910792449], [6, 0.24691004570251188], [7, 0.23496224370319396], [8, 0.23432119514864796], [9, 0.230843395276819], [10, 0.22939367981878325], [11, 0.24528048419205545], [12, 0.2432204260213229], [13, 0.24774294069748765], [14, 0.25722382262084953], [15, 0.24428627209272236]], "metrics_distributed": {"accuracy": [[1, 0.8413461538461539], [2, 0.875], [3, 0.8653846153846154], [4, 0.8990384615384616], [5, 0.9134615384615384], [6, 0.9134615384615384], [7, 0.9134615384615384], [8, 0.9086538461538461], [9, 0.9038461538461539], [10, 0.9038461538461539], [11, 0.9134615384615384], [12, 0.9134615384615384], [13, 0.9182692307692307], [14, 0.9086538461538461], [15, 0.9134615384615384]], "f1": [[1, 0.6775826590055073], [2, 0.712657291588645], [3, 0.7238323557908578], [4, 0.7847028394923896], [5, 0.8064977112872614], [6, 0.8079031537634803], [7, 0.8079031537634803], [8, 0.8045804369973673], [9, 0.7984073663160203], [10, 0.7972294132149902], [11, 0.8051805966469429], [12, 0.8051805966469429], [13, 0.8070019723865879], [14, 0.79943148857176], [15, 0.8037968441814597]], "precision": [[1, 0.7190934065934065], [2, 0.7220910181436497], [3, 0.8138456450956452], [4, 0.8205855237105237], [5, 0.8205855237105237], [6, 0.8109983492384808], [7, 0.8109983492384808], [8, 0.8051426747405649], [9, 0.8045135030587617], [10, 0.8090019105644106], [11, 0.8166586057211057], [12, 0.8166586057211057], [13, 0.8228558228558227], [14, 0.8179659477736401], [15, 0.8188494125994126]], "recall": [[1, 0.6484474671669793], [2, 0.704906191369606], [3, 0.6947777908067542], [4, 0.7672912757973733], [5, 0.7979403142589118], [6, 0.8087283067542214], [7, 0.8087283067542214], [8, 0.8087283067542214], [9, 0.7979403142589118], [10, 0.7896710834896811], [11, 0.7979403142589118], [12, 0.7979403142589118], [13, 0.7959931988742964], [14, 0.7877239681050656], [15, 0.7959931988742964]]}}